sample,rock_type,"k, mD",Sw,krw,kro
101,SAND,120,0.2441,0.0,0.8836
101,SAND,120,0.4041,0.0226,0.4231
101,SAND,120,0.4161,0.024,0.3888
101,SAND,120,0.4286,0.0296,0.319
101,SAND,120,0.5011,0.0588,0.221
101,SAND,120,0.5127,0.0673,0.2077
101,SAND,120,0.6806,0.1996,0.0314
101,SAND,120,0.6929,0.2316,0.0228
101,SAND,120,0.8041,0.3901,0.0
102,SAND,250,0.2268,0.0,0.8833
102,SAND,250,0.3084,0.0029,0.6473
102,SAND,250,0.3715,0.0126,0.5138
102,SAND,250,0.3846,0.0167,0.4728
102,SAND,250,0.417,0.0261,0.4031
102,SAND,250,0.4715,0.0468,0.2869
102,SAND,250,0.6151,0.1499,0.1028
102,SAND,250,0.773,0.3569,0.0039
102,SAND,250,0.8101,0.4268,0.0
103,SAND,480,0.2054,0.0,0.9379
103,SAND,480,0.2517,0.0007,0.7719
103,SAND,480,0.3011,0.0043,0.6209
103,SAND,480,0.4344,0.0397,0.2809
103,SAND,480,0.4643,0.0547,0.245
103,SAND,480,0.5154,0.083,0.1559
103,SAND,480,0.587,0.1393,0.0848
103,SAND,480,0.7524,0.3583,0.0016
103,SAND,480,0.79,0.4086,0.0
104,SAND,900,0.191,0.0,0.875
104,SAND,900,0.2486,0.0014,0.7098
104,SAND,900,0.3315,0.0128,0.4796
104,SAND,900,0.3369,0.0147,0.497
104,SAND,900,0.4022,0.0314,0.3406
104,SAND,900,0.4379,0.049,0.2834
104,SAND,900,0.5638,0.1307,0.1054
104,SAND,900,0.75,0.3301,0.0023
104,SAND,900,0.7855,0.4204,0.0
201,SHALY,4,0.3498,0.0,0.7837
201,SHALY,4,0.3867,0.0,0.623
201,SHALY,4,0.3931,0.0001,0.5822
201,SHALY,4,0.4437,0.0011,0.3853
201,SHALY,4,0.4645,0.0024,0.3309
201,SHALY,4,0.4659,0.0025,0.3204
201,SHALY,4,0.573,0.0265,0.0726
201,SHALY,4,0.5809,0.0281,0.0617
201,SHALY,4,0.7405,0.1929,0.0
202,SHALY,9,0.3487,0.0,0.7996
202,SHALY,9,0.4118,0.0006,0.4885
202,SHALY,9,0.4225,0.0009,0.4426
202,SHALY,9,0.5006,0.0104,0.1991
202,SHALY,9,0.5023,0.0118,0.2026
202,SHALY,9,0.5035,0.0113,0.1972
202,SHALY,9,0.596,0.0479,0.0456
202,SHALY,9,0.6511,0.0925,0.0097
202,SHALY,9,0.7267,0.1986,0.0
203,SHALY,18,0.299,0.0,0.7998
203,SHALY,18,0.3553,0.0002,0.4822
203,SHALY,18,0.481,0.0097,0.177
203,SHALY,18,0.5417,0.0248,0.0793
203,SHALY,18,0.6055,0.0563,0.0266
203,SHALY,18,0.6273,0.0675,0.0162
203,SHALY,18,0.6474,0.0804,0.0094
203,SHALY,18,0.6676,0.104,0.005
203,SHALY,18,0.7591,0.1978,0.0
204,SHALY,35,0.2811,0.0,0.7682
204,SHALY,35,0.3243,0.0,0.5997
204,SHALY,35,0.3385,0.0001,0.523
204,SHALY,35,0.4378,0.0044,0.1899
204,SHALY,35,0.4385,0.0045,0.1895
204,SHALY,35,0.5033,0.0166,0.0881
204,SHALY,35,0.6033,0.0569,0.0153
204,SHALY,35,0.6234,0.0692,0.0089
204,SHALY,35,0.7371,0.2,0.0
